Title,Genre,Premiere,Runtime,IMDB Score,Language
Fear Mention Tell,Thriller,"December 26, 2020",92,5.0,Chinese
Next Option Read,Comedy,"April 28, 2022",124,3.7,Japanese
Perhaps Democratic Protect,Horror,"February 15, 2021",117,3.7,Hindi
Third Life Party,Drama,"May 31, 2021",55,1.6,Italian
Our Experience Main,Romance,"November 13, 2021",126,2.7,Italian
Enough Remain Experience,Drama,"March 18, 2021",72,4.0,English
Now Allow Agreement,Romance,"May 09, 2020",149,1.6,Italian
Fly Could Compare,Mystery,"May 10, 2021",81,1.2,Hindi
Whom Education If,Horror,"September 28, 2021",123,2.0,Italian
Red Just Or,Comedy,"June 07, 2022",116,3.2,Italian
Camera Direction Only,Documentary,"April 17, 2020",55,4.5,Japanese
Other Role Area,Action,"February 19, 2020",118,4.9,Japanese
Institution Rather Still,Romance,"October 05, 2020",83,3.2,Japanese
Hear Year Television,Action,"July 11, 2021",88,2.1,Italian
Own Serious Present,Documentary,"October 20, 2021",108,3.7,Chinese
Raise Enjoy Method,Mystery,"February 25, 2022",137,1.4,Japanese
Actually Traditional Stock,Mystery,"January 11, 2020",85,2.9,Hindi
Money After Program,Drama,"June 18, 2021",119,2.0,Hindi
Eight Four Total,Comedy,"August 16, 2021",102,4.3,Japanese
Management Future Statement,Comedy,"June 02, 2021",63,4.7,Italian
Money Line Old,Romance,"June 16, 2021",53,2.6,Spanish
Pretty Actually Site,Drama,"February 07, 2020",61,4.8,Italian
Whom Nature He,Mystery,"September 02, 2021",59,1.3,Chinese
Mention With Long,Documentary,"July 28, 2020",97,2.2,Italian
List Question Practice,Thriller,"September 20, 2021",113,3.5,Hindi
Box Yes Assume,Documentary,"June 15, 2020",101,1.4,Japanese
Suffer Moment Memory,Drama,"August 04, 2021",118,4.8,Chinese
Quality Price Be,Thriller,"June 26, 2021",75,2.2,Italian
Certainly Past Teacher,Drama,"December 09, 2020",131,1.1,Japanese
Wait What Real,Drama,"May 08, 2022",134,2.0,Hindi
Art Not Commercial,Documentary,"November 20, 2020",142,1.1,Japanese
Some American Power,Thriller,"February 06, 2021",143,3.3,Hindi
Source Describe Six,Horror,"May 20, 2020",54,3.8,Italian
Close Already Example,Mystery,"June 05, 2021",91,2.2,Hindi
Though Cultural Wind,Horror,"June 13, 2021",135,3.6,Spanish
Follow Remain Camera,Thriller,"November 06, 2020",136,3.2,Japanese
Color List College,Mystery,"March 31, 2020",81,2.4,Spanish
Skill Task Dark,Horror,"March 16, 2020",79,1.5,Chinese
Opportunity Even Challenge,Comedy,"June 19, 2021",140,1.8,English
Room Main Until,Comedy,"January 25, 2022",55,3.1,Hindi
Technology Performance Brother,Romance,"March 06, 2022",51,1.5,English
Reveal Million Door,Drama,"July 23, 2020",73,3.5,Japanese
Thought True History,Romance,"September 20, 2021",116,4.4,English
Character Standard Republican,Romance,"April 19, 2021",140,4.5,Chinese
Suffer Apply Both,Action,"November 29, 2020",52,1.3,Italian
Cell Watch Treatment,Horror,"May 16, 2022",74,3.8,Hindi
Stuff Produce Factor,Action,"September 06, 2020",68,2.3,Japanese
Member Fear Cup,Mystery,"October 28, 2020",76,4.0,English
Affect Stuff At,Comedy,"August 12, 2021",67,4.9,English
Simply Let Attention,Romance,"August 21, 2020",133,1.9,Hindi
Sense Draw Teacher,Drama,"July 19, 2020",104,3.2,Japanese
Down What Force,Thriller,"March 14, 2022",148,1.6,Japanese
Few Set Everyone,Action,"July 24, 2021",59,3.1,Italian
Bed Reduce College,Thriller,"November 05, 2020",117,4.4,Japanese
Church How Important,Mystery,"August 10, 2020",121,3.7,Italian
Situation Water Capital,Comedy,"July 15, 2020",112,1.8,English
Face Base Top,Thriller,"April 14, 2021",73,4.1,Spanish
Tree Wall Under,Documentary,"July 28, 2020",117,4.7,Hindi
Let Lead Rich,Action,"August 31, 2021",80,1.3,Hindi
Strong Range Head,Mystery,"January 10, 2020",122,2.5,Japanese
Better Care Until,Mystery,"December 10, 2020",104,5.0,Hindi
Everyone Good Rich,Mystery,"July 02, 2021",69,3.2,Italian
Sense Certain Second,Comedy,"March 08, 2021",58,4.2,Italian
Individual Glass Ball,Comedy,"September 02, 2021",78,1.6,English
Cell War Reveal,Mystery,"April 22, 2022",135,2.7,Japanese
President Effort Price,Thriller,"August 29, 2021",124,4.2,Japanese
Far Also Build,Romance,"March 26, 2022",56,1.7,Spanish
Whom Same Laugh,Action,"June 29, 2020",56,4.2,Italian
Town Better Can,Drama,"November 25, 2020",133,3.0,English
Need Amount Upon,Romance,"August 02, 2020",77,4.4,Japanese
Hair Item Factor,Romance,"April 30, 2020",58,2.3,English
Vote Third Crime,Drama,"October 16, 2021",121,3.0,Italian
Third Prevent Late,Romance,"June 25, 2021",123,3.6,Hindi
Bad Pressure Forward,Horror,"August 20, 2021",72,1.7,Italian
Firm Whatever Represent,Horror,"February 07, 2020",67,1.4,English
Scene Before Notice,Romance,"March 03, 2020",126,4.4,Hindi
Cell Group Wind,Thriller,"June 02, 2020",53,1.5,Japanese
Capital Source Here,Action,"June 20, 2022",146,4.6,Chinese
Able Network Move,Action,"August 18, 2021",133,2.6,English
Reach Ready Expert,Horror,"June 18, 2022",74,4.2,Italian
Consumer Here Child,Drama,"February 19, 2020",101,2.9,English
Town Yes Among,Action,"May 13, 2020",57,3.6,Italian
Break Throughout Early,Documentary,"April 30, 2020",83,4.3,Hindi
Guess Foreign Support,Horror,"September 23, 2020",102,4.2,Spanish
Human Represent Camera,Action,"March 19, 2022",99,1.4,Hindi
Car Piece Expert,Mystery,"November 01, 2020",146,4.4,Spanish
Popular Partner Hand,Action,"December 13, 2020",64,2.5,Hindi
Join Pretty Common,Thriller,"August 22, 2020",50,4.8,Japanese
Animal From Job,Action,"June 06, 2020",102,5.0,English
Perform Contain City,Thriller,"January 26, 2020",104,1.8,Japanese
Me Executive Machine,Romance,"May 21, 2021",77,3.7,Japanese
Fill Book Professional,Action,"November 18, 2021",143,4.8,Italian
Four Former Represent,Action,"April 30, 2020",53,4.8,English
Management Kid Information,Horror,"December 21, 2021",111,2.9,Spanish
Another Fly Power,Mystery,"June 04, 2021",140,1.6,Chinese
Seven Agreement Will,Drama,"April 28, 2020",53,2.2,Chinese
Around None Every,Comedy,"February 21, 2021",93,4.9,English
State Hear Nearly,Action,"June 12, 2020",64,3.8,Italian
Exist Who Into,Romance,"August 09, 2021",124,4.7,English
Couple Space Never,Documentary,"January 07, 2021",105,2.4,Japanese
Source Enter Election,Documentary,"November 24, 2021",71,4.8,Spanish
Car Population To,Thriller,"October 17, 2021",138,5.0,Spanish
Officer Blood Last,Romance,"July 06, 2021",111,2.5,Spanish
At Professional Sing,Documentary,"April 20, 2021",135,2.6,Chinese
Follow According Back,Horror,"February 18, 2021",127,2.2,Italian
Ready Particular Lead,Documentary,"October 09, 2021",60,2.4,Spanish
Information She Clear,Mystery,"August 13, 2020",118,2.6,English
Easy Down Late,Action,"January 24, 2022",92,1.3,Japanese
Hour Later Give,Comedy,"July 19, 2021",97,2.9,Japanese
Human Hope Week,Action,"July 03, 2021",74,2.1,Japanese
Value Challenge Party,Mystery,"July 25, 2020",87,4.9,Chinese
Boy Certainly Central,Comedy,"December 25, 2020",130,1.8,Japanese
Boy Use Detail,Mystery,"June 03, 2022",70,3.3,Japanese
Listen Marriage Discussion,Thriller,"January 21, 2021",122,2.6,Hindi
Pick Fast Simply,Action,"August 21, 2021",74,3.2,Spanish
Daughter Pretty Everybody,Comedy,"May 25, 2022",139,2.6,English
Get Research Local,Mystery,"November 03, 2021",67,1.3,English
Able Writer Strategy,Action,"January 30, 2021",60,2.0,Japanese
Through Film Generation,Thriller,"October 02, 2020",98,1.9,English
Your Pick No,Comedy,"June 08, 2022",64,2.6,Chinese
Hand Law Set,Action,"June 20, 2021",55,1.5,Italian
Fall Price Property,Comedy,"December 22, 2020",128,3.9,Japanese
Firm Age Couple,Horror,"December 02, 2020",95,5.0,Spanish
Worry Crime The,Comedy,"April 20, 2022",129,4.9,Hindi
Identify Father Prevent,Comedy,"July 01, 2021",78,2.8,Italian
Deep Model Science,Documentary,"November 12, 2020",130,4.3,Italian
Large Back Let,Comedy,"March 22, 2020",133,3.1,Chinese
Down Describe Generation,Comedy,"November 01, 2021",148,4.1,Italian
Evening Alone Along,Romance,"December 06, 2021",60,3.2,Hindi
Son Sister Somebody,Action,"December 23, 2020",67,3.3,Hindi
Him Up Success,Mystery,"June 03, 2020",98,2.8,Italian
Increase Order When,Documentary,"March 24, 2022",114,2.2,Spanish
Mouth Entire Red,Mystery,"June 30, 2021",76,1.2,Chinese
Administration Area Current,Comedy,"November 14, 2020",98,3.7,Spanish
Pay Candidate Group,Comedy,"July 27, 2021",131,4.6,Italian
Especially His Democrat,Mystery,"September 12, 2021",87,4.1,English
Thank Wonder Center,Action,"May 27, 2020",70,2.2,Chinese
Similar Already Technology,Horror,"January 24, 2022",116,3.3,Italian
Camera Bank Item,Comedy,"August 13, 2020",108,1.6,Spanish
Become Nor Civil,Romance,"June 15, 2020",102,3.8,Chinese
Other Cut Get,Documentary,"November 06, 2020",111,4.1,Japanese
Over Remain Save,Action,"January 02, 2020",57,1.4,English
End Her Should,Horror,"April 22, 2022",103,3.5,Italian
Follow Scientist Term,Horror,"November 13, 2020",120,1.4,Hindi
But Major Official,Romance,"June 08, 2021",108,4.7,Hindi
Which Eye Mission,Action,"April 16, 2020",135,2.2,Chinese
Success Surface Imagine,Mystery,"August 19, 2020",91,3.1,Italian
Current State Home,Documentary,"May 09, 2021",55,1.8,Chinese
Whose Hundred Level,Comedy,"July 28, 2021",76,4.4,Spanish
Should Town Per,Action,"January 04, 2021",136,4.0,Hindi
Behavior Significant Painting,Thriller,"April 30, 2020",64,1.8,Chinese
Plan Chance Attack,Drama,"December 03, 2021",91,4.7,Hindi
Important Get Say,Horror,"April 20, 2021",59,3.1,Hindi
Phone Including One,Mystery,"December 25, 2021",53,2.4,Japanese
Race Issue Show,Comedy,"September 06, 2021",56,2.7,Hindi
Republican Police Audience,Comedy,"September 05, 2020",143,2.9,Spanish
Number Live Team,Action,"February 19, 2022",57,1.7,English
Decision Decide Source,Romance,"October 02, 2021",94,4.9,English
Against Mr Why,Drama,"February 03, 2021",73,1.2,English
Figure Education Remain,Romance,"July 11, 2020",73,2.4,English
Speak Mission Speak,Documentary,"April 14, 2021",78,1.6,Hindi
Trip Technology Get,Documentary,"March 23, 2020",131,2.2,English
Charge Available Include,Thriller,"June 23, 2022",121,1.6,English
Draw Serious Rule,Horror,"April 30, 2022",77,4.9,Chinese
Anyone Car Help,Romance,"March 17, 2020",107,1.4,Spanish
Full Three Remember,Documentary,"June 12, 2022",72,2.0,Chinese
Coach Quickly Special,Drama,"December 04, 2020",102,2.1,Italian
Method Method Out,Action,"May 15, 2021",80,1.2,Japanese
Across Instead Marriage,Documentary,"April 20, 2022",92,2.3,English
Deep Carry A,Romance,"September 08, 2020",147,3.4,Hindi
Listen Movement Book,Horror,"January 29, 2022",75,1.2,Hindi
Enough Himself Common,Comedy,"January 27, 2020",65,3.7,Chinese
Although Impact Phone,Comedy,"October 13, 2020",112,3.1,Italian
Seem Outside Rise,Horror,"January 21, 2021",144,2.9,Japanese
Affect Need Federal,Romance,"February 13, 2020",114,1.2,Hindi
Team Actually Reflect,Documentary,"May 22, 2022",114,4.4,Spanish
Social Send Coach,Comedy,"February 20, 2021",66,4.8,English
Establish Skin Agent,Documentary,"March 02, 2022",133,4.5,Hindi
Time Rate Sing,Romance,"January 01, 2020",70,1.8,Japanese
Meeting Task No,Action,"February 23, 2021",57,4.7,English
North Travel Full,Romance,"July 27, 2020",148,1.9,Italian
Same Century Even,Drama,"November 18, 2021",95,1.7,Japanese
Final Clearly Production,Thriller,"September 29, 2020",88,2.7,Japanese
Activity Crime Democratic,Documentary,"July 30, 2021",139,2.2,Spanish
Find Improve Audience,Comedy,"June 05, 2020",87,1.3,English
Public Owner Fight,Horror,"May 07, 2020",104,1.2,Japanese
Take Firm Character,Documentary,"February 06, 2022",146,1.6,Japanese
Finally Board Everyone,Thriller,"August 17, 2020",55,3.4,English
Instead Foot Pattern,Documentary,"June 29, 2021",82,1.3,Chinese
Health It Hot,Romance,"April 29, 2021",101,1.0,English
Catch White Player,Thriller,"January 22, 2021",126,3.9,Italian
Fact Serve Cold,Comedy,"February 26, 2021",131,1.1,Hindi
Last Dark Account,Documentary,"August 16, 2021",67,1.3,Hindi
Eye Record Strategy,Comedy,"May 15, 2020",118,4.1,Italian
Whom Group Finally,Thriller,"June 26, 2020",108,2.6,Hindi
Exist Economic Thank,Comedy,"July 06, 2020",112,2.2,Japanese
Score Author Generation,Documentary,"February 28, 2021",72,4.4,Spanish
Anyone Add Institution,Drama,"October 21, 2020",78,3.7,English
Population Stop Draw,Documentary,"July 10, 2021",64,3.6,English
Successful Get Executive,Thriller,"October 22, 2020",111,1.2,Chinese
Be Organization Particularly,Mystery,"June 14, 2021",86,3.8,Japanese
Begin Right Lay,Drama,"November 14, 2020",148,2.7,English
Often Herself Indicate,Thriller,"October 15, 2020",96,2.9,English
Black Everyone Music,Thriller,"September 11, 2020",144,5.0,Italian
Serve Use Nor,Action,"April 17, 2022",143,2.6,Chinese
Bring Executive Store,Drama,"February 26, 2021",140,3.2,Japanese
Every Assume Rock,Thriller,"April 24, 2021",82,1.3,Italian
Poor Try Fund,Documentary,"September 28, 2021",136,3.4,Japanese
Agent Hour Already,Action,"May 24, 2020",81,2.8,Japanese
Car Catch Surface,Comedy,"January 03, 2021",100,2.1,Italian
Under According Sound,Drama,"August 14, 2021",90,1.4,Italian
Threat Start Order,Romance,"April 10, 2022",68,4.1,Hindi
Military Pass Term,Documentary,"January 26, 2022",117,2.5,Italian
Despite Common Visit,Romance,"January 20, 2020",85,2.3,English
Certainly Site Never,Comedy,"May 31, 2022",68,4.3,Hindi
Significant Example Himself,Mystery,"March 05, 2022",91,3.9,Spanish
Media Better House,Action,"April 26, 2020",52,1.1,English
Effort Claim Cause,Mystery,"June 15, 2020",145,4.5,Hindi
Continue Executive Parent,Documentary,"January 17, 2021",136,3.5,Chinese
Affect Drive Feel,Horror,"December 02, 2021",95,3.1,Hindi
This Treatment During,Horror,"April 09, 2020",59,1.2,Chinese
Entire Lawyer Detail,Romance,"September 08, 2020",52,1.8,Spanish
Hope Build Suffer,Romance,"August 04, 2021",74,2.5,English
Region Between Game,Romance,"June 17, 2021",87,3.6,Chinese
Second Place It,Mystery,"September 11, 2021",99,2.3,Hindi
Because Institution Fill,Mystery,"May 27, 2020",63,2.2,Spanish
Laugh Sell Support,Drama,"March 16, 2020",148,1.1,English
Message How Lead,Mystery,"April 14, 2021",53,4.3,Chinese
Sport May Particularly,Horror,"November 12, 2020",146,1.4,Italian
Certainly Hand All,Romance,"October 16, 2020",132,1.4,Italian
Way Consumer Quickly,Drama,"January 13, 2020",113,3.9,Japanese
Point Property Entire,Comedy,"June 11, 2021",75,3.6,Italian
From Cultural Strong,Mystery,"June 06, 2021",100,3.8,Hindi
Serve Deep Explain,Mystery,"February 03, 2021",77,1.5,English
Us Listen School,Comedy,"February 26, 2020",145,2.2,Spanish
Since Nice Will,Mystery,"February 05, 2021",109,3.3,Chinese
Voice Development Reflect,Action,"February 28, 2020",149,1.1,Chinese
Treatment Less Station,Horror,"June 16, 2022",69,3.6,English
Computer Mind Hair,Drama,"February 18, 2021",99,3.0,Chinese
Exactly Ago Minute,Comedy,"August 21, 2020",139,3.9,English
Require Network Serve,Comedy,"January 18, 2022",76,3.3,Spanish
Mrs Defense Last,Documentary,"January 13, 2022",91,4.7,Chinese
Store Police Yourself,Horror,"September 24, 2021",112,5.0,English
Single Value Argue,Thriller,"December 22, 2021",100,4.3,Japanese
Remain Back And,Horror,"June 16, 2022",133,4.0,Hindi
Number Fill Receive,Action,"July 13, 2020",53,1.0,Chinese
Lay Another Our,Documentary,"January 17, 2020",137,4.4,Chinese
Wear All Total,Action,"April 19, 2021",53,1.4,Chinese
Consumer Even Beat,Comedy,"January 23, 2022",110,4.4,Italian
Level Moment Number,Romance,"December 24, 2021",74,2.1,Italian
Data Mrs Attack,Mystery,"April 29, 2022",140,2.3,Spanish
Then Help Partner,Romance,"January 15, 2021",91,4.4,Chinese
Political Who Business,Romance,"June 06, 2020",67,3.8,Hindi
Phone Image Side,Horror,"June 16, 2021",133,2.9,Spanish
Business Such General,Horror,"June 05, 2022",100,2.4,Spanish
Game After Kid,Romance,"September 03, 2020",136,3.5,Hindi
Picture Left These,Drama,"April 19, 2022",93,3.3,English
Wonder Church Detail,Mystery,"July 13, 2021",56,3.8,Chinese
What Save Security,Comedy,"March 05, 2022",145,1.7,Italian
Nearly Some International,Action,"February 27, 2021",127,2.1,Chinese
Require Wall Allow,Horror,"November 17, 2020",136,4.0,Italian
Might Thus Thousand,Thriller,"December 30, 2020",140,4.9,Hindi
Animal Reduce Image,Thriller,"March 15, 2020",123,2.6,Japanese
Save Note Theory,Horror,"January 16, 2022",104,1.6,Spanish
Evidence Note Floor,Comedy,"March 27, 2022",91,2.5,Hindi
Trial Soldier Official,Mystery,"April 16, 2021",88,2.6,Italian
Safe Human List,Thriller,"November 02, 2021",147,4.6,Hindi
New Mention Minute,Drama,"October 22, 2020",91,2.7,Spanish
Stay Marriage About,Thriller,"January 08, 2020",104,3.5,Italian
Since Fly Movement,Mystery,"January 19, 2021",127,4.4,Italian
Week Once Your,Comedy,"October 26, 2020",77,4.1,Spanish
Visit Picture Know,Comedy,"January 07, 2021",98,2.3,Chinese
Rich Factor Decision,Documentary,"January 18, 2022",145,2.6,Italian
Former Exist Beyond,Romance,"March 08, 2021",103,1.5,Hindi
Member Wife Rate,Horror,"August 14, 2020",108,4.6,Spanish
Foreign Expert No,Mystery,"March 07, 2021",127,1.8,Italian
Seem While Trade,Romance,"September 26, 2020",101,1.2,Italian
Create Four Since,Action,"January 29, 2020",94,3.6,Hindi
Left Fly Conference,Thriller,"February 10, 2020",94,4.9,English
Mr Edge Street,Comedy,"November 17, 2020",105,2.7,English
Really Visit Sea,Action,"May 26, 2021",75,3.7,Italian
Stuff Recognize Practice,Action,"September 01, 2021",60,2.2,Italian
Seem Owner Camera,Action,"November 17, 2021",69,2.9,English
Window Season Election,Romance,"September 13, 2020",86,3.0,Italian
Call Film Performance,Comedy,"March 18, 2020",144,3.2,Chinese
Live Nor Authority,Mystery,"February 07, 2021",57,2.4,Chinese
Social Most Sell,Mystery,"January 12, 2020",59,1.5,Spanish
Environmental Fine Step,Documentary,"January 06, 2021",100,2.0,Hindi
Lay Put Story,Horror,"July 28, 2021",79,1.9,Hindi
Fish Rock Pick,Thriller,"April 16, 2022",115,1.9,Japanese
North Style Kind,Drama,"December 19, 2020",81,3.9,Italian
Seem Stock Rule,Thriller,"May 20, 2021",93,3.4,Spanish
A Hot Better,Romance,"August 28, 2021",98,1.6,Hindi
Do Consumer Former,Drama,"March 20, 2022",76,1.8,Italian
Risk Resource Each,Drama,"September 25, 2020",50,3.1,Chinese
Recent Rule Week,Documentary,"September 01, 2020",109,1.2,Italian
Property Cold Yet,Romance,"August 27, 2020",70,1.6,English
Box Something Young,Drama,"May 24, 2022",84,2.9,Chinese
Respond Drug Someone,Horror,"August 13, 2021",131,1.8,Spanish
With Visit Out,Romance,"October 04, 2021",122,3.6,Spanish
Mind Style Computer,Romance,"July 28, 2020",106,2.0,Italian
Become Middle Return,Documentary,"April 04, 2021",112,3.3,Spanish
Yard Anyone Animal,Comedy,"April 28, 2020",123,4.5,Japanese
Mean Discover Policy,Action,"November 15, 2021",121,2.3,Hindi
Couple Better Father,Documentary,"February 24, 2021",75,3.3,Spanish
Page Majority Top,Drama,"August 23, 2020",81,4.4,Hindi
Leader Crime Late,Horror,"January 05, 2021",88,3.0,Japanese
Threat Character Analysis,Thriller,"July 06, 2020",135,3.8,Hindi
Apply Citizen Student,Romance,"April 10, 2021",121,4.0,Chinese
Anyone Test Likely,Documentary,"September 13, 2020",140,4.6,Italian
People Fear Poor,Documentary,"March 14, 2021",100,1.3,English
Herself Environmental Which,Action,"June 21, 2020",95,2.6,Italian
And Hotel Develop,Thriller,"April 23, 2021",112,1.4,Japanese
A Treatment Ball,Horror,"February 04, 2020",61,3.7,Hindi
Out Middle Attack,Comedy,"March 12, 2022",88,5.0,Spanish
Population Tree Spend,Thriller,"March 30, 2020",142,1.6,Japanese
Kitchen Represent Generation,Drama,"May 29, 2022",54,4.9,Chinese
Model Fly Scientist,Drama,"November 16, 2021",131,4.0,Hindi
Often Official A,Romance,"December 22, 2020",100,1.5,Japanese
Measure Instead Low,Drama,"March 08, 2020",90,3.0,English
Themselves Long System,Thriller,"November 30, 2020",99,2.7,Hindi
Democratic Idea National,Drama,"February 20, 2021",69,3.5,English
Author Radio Cold,Comedy,"August 28, 2020",144,2.9,Hindi
Current Billion Audience,Drama,"August 12, 2021",133,3.7,English
Rather Night Whole,Mystery,"June 22, 2022",103,2.0,English
Blue Although Parent,Comedy,"February 19, 2022",102,3.1,Italian
Address High Type,Action,"January 04, 2022",71,2.6,Italian
Few Old Others,Comedy,"August 31, 2020",91,3.7,Japanese
Best Entire Face,Action,"February 09, 2020",143,2.2,Hindi
Side Data During,Romance,"February 17, 2020",87,2.3,Hindi
Eight Someone Low,Documentary,"August 17, 2021",79,1.3,English
North Guess Piece,Drama,"November 26, 2020",105,2.9,Japanese
Hope Woman Write,Mystery,"April 10, 2022",121,2.3,Chinese
Discussion No Remember,Documentary,"February 05, 2021",140,2.5,English
Guy Close Born,Mystery,"April 26, 2022",57,4.5,Spanish
Method Expect Paper,Action,"February 07, 2020",77,4.8,English
Suffer Tend Size,Documentary,"January 13, 2020",120,2.6,Japanese
Beyond Fly Civil,Documentary,"May 01, 2022",70,3.8,English
Section Former Opportunity,Horror,"September 06, 2020",76,3.0,English
Seem Top Style,Documentary,"April 25, 2020",87,3.3,Chinese
Industry Meeting Move,Drama,"March 03, 2021",116,1.2,Hindi
Determine Girl Piece,Thriller,"July 01, 2021",143,4.5,Chinese
Camera My Several,Romance,"July 26, 2020",109,4.1,Hindi
Down Hospital Grow,Horror,"May 23, 2020",81,2.8,Italian
Lead Indeed Including,Mystery,"May 24, 2022",140,5.0,Spanish
Much Society Discuss,Comedy,"May 30, 2021",97,2.1,English
End Environmental Exist,Horror,"November 24, 2020",67,3.2,Japanese
Process Per Test,Comedy,"March 20, 2020",88,4.0,Japanese
Arrive Stuff This,Horror,"October 02, 2021",53,4.0,Italian
Rich Indeed Ok,Romance,"April 24, 2021",139,2.6,Spanish
Toward Human System,Horror,"February 05, 2021",106,1.5,Italian
Wait Scene Season,Comedy,"November 25, 2020",77,1.0,Italian
Use Price Could,Mystery,"September 22, 2020",62,3.8,Japanese
Loss Travel Really,Action,"January 13, 2021",121,2.7,Japanese
Show Possible Then,Drama,"November 18, 2021",78,2.0,English
Place Care Now,Comedy,"January 18, 2022",71,4.8,Chinese
Interest Threat Boy,Horror,"October 05, 2021",87,1.1,Japanese
Vote Experience Style,Romance,"April 21, 2020",142,3.1,Spanish
Wide Personal Mr,Drama,"May 06, 2022",100,4.2,English
Sea Then Scientist,Comedy,"June 18, 2020",111,3.9,Japanese
Generation Feel Former,Documentary,"April 15, 2021",113,2.1,Hindi
Gun Animal President,Documentary,"September 26, 2021",138,2.2,Spanish
Drop Sit Important,Drama,"October 04, 2020",144,4.4,Japanese
A Process Minute,Action,"September 06, 2020",135,1.8,Italian
Hotel Page Cause,Documentary,"January 01, 2020",92,3.0,English
Education Before Position,Thriller,"March 05, 2022",59,3.0,Spanish
Animal Fire Off,Action,"August 19, 2020",133,1.7,Japanese
Certainly Area Read,Action,"August 30, 2021",92,4.6,English
Shoulder Decision Must,Documentary,"July 04, 2020",78,4.4,Chinese
Truth Series Become,Documentary,"September 26, 2021",58,1.8,Hindi
Serious Large Bed,Drama,"May 27, 2022",64,1.7,Japanese
Customer Author Rise,Documentary,"September 01, 2021",61,3.3,English
These Near Public,Drama,"January 11, 2021",89,2.0,Hindi
Other Speak Product,Thriller,"October 26, 2020",67,2.4,Chinese
They Home Move,Documentary,"April 20, 2021",109,3.8,Spanish
Nearly Participant Economy,Drama,"May 10, 2021",91,2.4,Japanese
Per Number Poor,Drama,"February 07, 2022",88,3.4,Spanish
Decision International Conference,Thriller,"February 06, 2022",93,1.6,English
Six Table Why,Comedy,"December 08, 2021",78,3.4,Chinese
Local Gun Office,Horror,"June 12, 2021",121,1.1,English
Century Wish Allow,Mystery,"August 14, 2021",125,3.1,Spanish
Have Their Such,Drama,"June 20, 2022",99,3.4,Hindi
Color Wall Feeling,Romance,"July 31, 2021",93,3.3,Hindi
Thus Seek Surface,Mystery,"January 21, 2020",100,2.6,Spanish
Bank Open Number,Action,"November 23, 2020",146,4.5,Chinese
Manage Beautiful Fly,Documentary,"June 13, 2022",64,1.1,Hindi
Company Character Modern,Action,"January 03, 2020",94,1.4,Italian
Sort Teach Child,Documentary,"March 15, 2020",106,4.0,Spanish
Black Company Teacher,Mystery,"June 30, 2020",96,4.1,Spanish
Down Until Watch,Comedy,"September 28, 2021",136,4.8,Japanese
Main Son Action,Horror,"April 30, 2021",109,1.7,English
Trouble One For,Documentary,"July 26, 2021",113,3.2,Japanese
Various Office Subject,Horror,"April 07, 2022",72,3.4,English
A Woman But,Comedy,"June 28, 2020",115,1.5,Spanish
Alone Artist Real,Documentary,"August 14, 2020",53,4.3,Japanese
Each On Necessary,Drama,"December 09, 2021",122,3.0,Hindi
Alone Fire East,Action,"May 18, 2020",88,3.7,English
Leave More Determine,Mystery,"January 20, 2022",89,1.0,Italian
Age Scientist Every,Drama,"April 03, 2021",97,4.8,Japanese
Treat Good Fine,Horror,"February 04, 2021",108,1.6,Chinese
End Similar Positive,Thriller,"May 20, 2021",118,4.8,Japanese
Body Speech Anyone,Thriller,"June 13, 2022",96,1.1,Chinese
Describe Front Less,Thriller,"January 17, 2022",79,1.8,Spanish
Poor Bring Hospital,Comedy,"December 11, 2020",68,1.1,Chinese
Fear Start Blue,Thriller,"November 09, 2021",78,3.5,Italian
Everything Which Republican,Horror,"November 12, 2021",98,1.1,Italian
Option Fill Across,Horror,"April 28, 2022",69,2.7,Chinese
Candidate Pressure Health,Drama,"March 09, 2021",115,3.3,Japanese
Civil Serious Fear,Horror,"June 23, 2020",61,2.6,Chinese
South Suddenly Vote,Comedy,"July 24, 2020",122,3.3,English
Indicate Everyone Care,Action,"January 08, 2022",118,1.6,Japanese
Necessary Factor Area,Horror,"September 12, 2020",132,3.0,English
Positive Out Leave,Drama,"February 24, 2020",86,3.8,Hindi
Either Especially Special,Drama,"April 30, 2021",94,3.7,Italian
Senior Main Free,Romance,"June 10, 2020",78,2.6,Japanese
Through Party Away,Action,"May 03, 2021",147,2.6,Hindi
Others During Line,Action,"April 28, 2020",134,4.1,Italian
No Significant Leg,Drama,"October 16, 2021",77,2.9,Italian
Question Available Cost,Thriller,"April 11, 2021",121,1.8,Spanish
Approach Simple Low,Horror,"October 12, 2020",142,3.6,English
Music Pattern There,Thriller,"January 11, 2020",108,4.7,Hindi
A Eight Indeed,Mystery,"August 19, 2020",149,2.2,Hindi
Responsibility He Author,Drama,"March 30, 2021",139,2.7,English
Him These Official,Drama,"January 03, 2022",134,4.1,Hindi
Appear Rise Carry,Action,"October 22, 2021",93,1.7,Hindi
Response Along Glass,Mystery,"June 03, 2021",135,4.2,Hindi
Realize Spring She,Romance,"March 05, 2022",118,1.0,Japanese
Affect Change Sign,Thriller,"March 16, 2020",135,2.7,Chinese
Close Tax Go,Action,"March 23, 2022",72,2.7,Italian
She Knowledge Difference,Drama,"April 18, 2022",56,4.0,Spanish
Decision Tell Wrong,Thriller,"January 05, 2021",94,1.6,English
Husband Team Exist,Mystery,"October 06, 2021",110,4.1,Spanish
Floor Have Water,Mystery,"October 05, 2021",94,1.2,Italian
Myself Now Total,Romance,"February 24, 2020",92,1.9,Hindi
Dark Why Whether,Thriller,"March 04, 2022",59,4.2,Italian
Mean Mother Improve,Mystery,"April 08, 2022",64,4.1,Japanese
Happy Today Have,Action,"September 17, 2020",58,3.3,Japanese
Employee Study Receive,Documentary,"October 05, 2021",92,3.5,Italian
Else Tax Identify,Romance,"May 07, 2022",55,2.7,Italian
Experience Own Wide,Horror,"January 23, 2022",125,2.4,Hindi
Hospital Page Reveal,Thriller,"October 11, 2020",144,4.5,Chinese
Leg Door Oil,Action,"February 14, 2021",143,1.3,English
Size Agent Account,Drama,"August 25, 2021",111,4.3,English
Year Address Peace,Thriller,"October 11, 2021",122,1.1,Spanish
Exactly Mention At,Drama,"May 19, 2021",148,4.7,Italian
Rather Fall Admit,Horror,"November 10, 2020",131,3.0,Spanish
Control Mouth Conference,Action,"September 23, 2020",96,3.7,Chinese
Strong Boy Her,Mystery,"January 23, 2021",67,2.1,Hindi
Heart Student Garden,Documentary,"February 11, 2020",87,2.6,Spanish
Fear Employee Building,Thriller,"January 17, 2021",74,4.4,Hindi
Dark Civil Sister,Documentary,"October 15, 2020",85,3.6,Chinese
Resource Sing Though,Action,"March 22, 2022",69,2.5,English
Group Nature Ever,Horror,"February 27, 2022",74,2.6,Italian
Answer Trouble Development,Drama,"January 08, 2022",75,3.7,Hindi
Check Result Agreement,Documentary,"March 07, 2022",66,3.6,Spanish
Machine Window Kind,Romance,"December 29, 2021",119,1.1,Japanese
Decision Garden Also,Mystery,"August 21, 2021",142,3.1,Italian
Great Front Happy,Action,"April 30, 2022",147,2.6,Japanese
Audience Father Town,Drama,"September 02, 2021",104,3.2,English
Cost Marriage Sound,Horror,"December 23, 2020",107,3.9,Japanese
Military Color Value,Action,"August 13, 2020",111,4.0,Chinese
Need Course Instead,Comedy,"April 02, 2020",141,1.9,English
Local Particular Tv,Comedy,"December 03, 2020",99,2.8,Italian
Because Indeed Thought,Comedy,"July 16, 2021",68,1.7,Japanese
Choice Discover Way,Documentary,"June 23, 2021",145,4.3,Japanese
Finally Offer Outside,Romance,"March 07, 2020",98,3.4,Japanese
Class Eye Manage,Mystery,"June 05, 2022",63,3.1,Hindi
Green Why Well,Romance,"March 20, 2022",125,2.4,Italian
Those Public Buy,Action,"May 03, 2021",64,2.4,English
Particularly Night Position,Action,"January 23, 2021",110,4.4,Hindi
Season Physical Book,Action,"April 15, 2021",61,1.2,English
Into Develop Interest,Drama,"July 26, 2021",105,4.5,Spanish
Direction Young Current,Horror,"March 06, 2021",75,1.6,Italian
Occur Line Wall,Horror,"September 28, 2020",134,1.3,Japanese
Know Positive Throughout,Documentary,"August 06, 2020",64,3.2,English
Quite Degree Standard,Thriller,"August 24, 2020",142,3.2,Chinese
Campaign Coach Whatever,Mystery,"April 23, 2021",89,1.7,Chinese
Image Turn Just,Comedy,"August 19, 2020",66,1.6,Italian
Pull Step Close,Drama,"March 06, 2020",87,2.5,Chinese
Five Election Camera,Drama,"March 28, 2021",110,4.1,Chinese
Car Most Down,Mystery,"October 15, 2020",96,1.7,Chinese
Image Medical Anything,Documentary,"May 16, 2020",72,3.4,Chinese
City Man Wide,Action,"January 09, 2020",118,3.1,Spanish
Miss That Interview,Action,"March 31, 2021",60,3.1,Italian
Form Could Consumer,Horror,"May 14, 2020",72,2.0,English
Include Performance Around,Thriller,"August 15, 2020",143,3.2,Hindi
Worry Everyone Voice,Horror,"January 10, 2020",145,4.1,Chinese
Impact Pretty According,Documentary,"March 22, 2021",88,2.7,English
Adult Phone Movement,Drama,"August 24, 2021",133,4.5,Spanish
Sea Around Fish,Mystery,"November 21, 2021",53,2.2,Japanese
Become Mission Challenge,Action,"October 22, 2020",57,2.3,Chinese
Reason Get Other,Action,"April 28, 2021",130,4.3,English
Continue Occur Reach,Mystery,"June 12, 2022",108,2.1,Italian
Action Occur Fact,Documentary,"October 21, 2020",52,1.5,Chinese
Weight Ago Meeting,Action,"December 17, 2021",99,5.0,Italian
Our Concern Glass,Thriller,"May 24, 2021",56,1.3,English
Score Exist Current,Horror,"June 16, 2020",88,4.4,Italian
Simple Suffer No,Mystery,"July 03, 2020",96,3.0,Chinese
Rich Development Grow,Drama,"March 03, 2020",66,2.4,Hindi
Hour Beautiful With,Comedy,"May 16, 2020",103,1.9,Italian
Particular Operation Increase,Action,"March 01, 2022",141,3.4,Japanese
Crime Who Next,Action,"February 07, 2022",98,4.2,Spanish
Sell Economic Anything,Romance,"December 30, 2021",148,2.8,English
Example Pattern Medical,Documentary,"May 13, 2022",126,1.6,Chinese
Fly Thank Hour,Thriller,"February 21, 2021",79,1.6,Hindi
Smile Two Scientist,Horror,"January 17, 2021",135,3.1,Japanese
Red Group Soon,Romance,"December 21, 2021",97,2.2,Italian
Of Long End,Horror,"January 16, 2022",105,1.3,Italian
Left Culture Your,Horror,"June 21, 2020",128,2.6,English
Soon Really Ever,Documentary,"September 03, 2021",117,1.3,Italian
From How Just,Horror,"September 14, 2021",138,4.0,Chinese
Gun Act Recognize,Horror,"January 29, 2022",143,2.3,Chinese
Loss Do Night,Horror,"November 02, 2021",54,3.2,Spanish
On Spend Of,Documentary,"May 14, 2022",138,4.2,Chinese
They Cell Among,Horror,"February 02, 2020",90,5.0,English
Leave Bar Write,Mystery,"June 07, 2021",136,3.9,English
Want Prevent Across,Action,"September 30, 2020",98,3.2,Italian
Whole Perhaps Style,Action,"August 30, 2021",77,2.8,Chinese
Phone Debate Democrat,Drama,"March 23, 2021",126,3.9,Italian
Talk Spend Plant,Comedy,"April 18, 2022",123,2.0,Japanese
While Know Commercial,Action,"February 07, 2021",51,4.2,Chinese
Attorney Girl Level,Comedy,"February 09, 2021",78,4.4,Hindi
Responsibility Sit Enter,Romance,"February 08, 2021",72,3.2,Hindi
Factor Never Few,Comedy,"May 13, 2022",62,3.4,Spanish
Stand One Community,Comedy,"November 26, 2021",128,1.6,Hindi
Address Role Traditional,Mystery,"June 07, 2021",147,3.5,Italian
Per Ahead Several,Horror,"February 27, 2022",109,4.4,English
Go Actually Performance,Thriller,"January 09, 2022",140,3.9,Italian
State Discuss Administration,Action,"February 11, 2020",87,1.1,Spanish
Pay Doctor Involve,Drama,"April 18, 2020",96,2.1,Spanish
Question Quite Local,Action,"June 15, 2022",95,2.3,Spanish
Class Law Admit,Mystery,"November 27, 2021",112,4.1,English
Identify Ready Daughter,Comedy,"November 14, 2021",134,4.0,Chinese
Season Finally Tax,Horror,"May 09, 2020",82,2.1,Italian
Understand Decision People,Mystery,"March 12, 2022",63,3.6,English
Point Life Lose,Drama,"April 09, 2022",91,4.6,Japanese
Figure Herself System,Romance,"September 17, 2021",98,3.1,Hindi
Movie Former Doctor,Horror,"January 12, 2020",83,3.7,Italian
Child Oil Catch,Horror,"December 14, 2020",84,4.8,Chinese
Thank Job Collection,Thriller,"March 01, 2021",65,4.3,Chinese
Stock Rest Source,Romance,"December 29, 2020",140,1.1,Hindi
Suddenly Head This,Documentary,"August 18, 2020",67,4.1,Japanese
Second Field Prepare,Romance,"December 25, 2020",133,2.0,Japanese
Spend Air Trip,Action,"May 04, 2020",126,3.0,Hindi
Six Standard Pick,Comedy,"May 12, 2021",84,3.3,Chinese
Feeling Several Suggest,Documentary,"December 10, 2020",130,3.7,Italian
See Teach Country,Comedy,"June 23, 2022",64,2.0,Japanese
Simply Pm Visit,Horror,"September 03, 2021",52,2.7,Italian
Play Edge Window,Drama,"April 05, 2020",106,3.1,Hindi
Herself Win Everyone,Drama,"July 25, 2021",104,3.9,Italian
Identify Fish Similar,Comedy,"June 12, 2022",106,1.4,Japanese
Street Food Within,Documentary,"July 13, 2020",95,4.4,Japanese
Million Quite Food,Drama,"January 26, 2022",131,2.4,Italian
Police Happy Entire,Action,"December 08, 2020",128,2.6,English
Establish Enough Always,Romance,"March 08, 2021",51,2.6,Hindi
Right Reflect Future,Drama,"October 08, 2021",120,3.6,Italian
Fact Safe Together,Romance,"January 29, 2020",100,3.7,Italian
Answer Stuff Against,Documentary,"August 24, 2020",122,4.9,Japanese
Money Easy Free,Drama,"September 18, 2021",50,1.7,Italian
See Score Fear,Action,"June 20, 2022",127,1.3,English
Something Lot Head,Romance,"May 04, 2022",67,2.2,Spanish
Manage Bill Huge,Mystery,"July 21, 2021",84,4.6,Spanish
Main Court Response,Thriller,"April 18, 2021",90,1.1,Chinese
Share Sound Fast,Horror,"June 11, 2020",91,1.4,English
Space Maintain Loss,Romance,"July 02, 2020",100,4.4,Japanese
Spring Decide Me,Comedy,"November 23, 2021",67,3.6,Chinese
Central Purpose Firm,Documentary,"July 29, 2021",124,3.2,English
North Series Bag,Horror,"February 15, 2022",84,2.0,Italian
Can Daughter Raise,Documentary,"July 14, 2021",58,1.8,English
Couple Party Drive,Thriller,"January 06, 2020",51,1.6,Italian
Heart Far Develop,Action,"March 11, 2020",107,3.0,Hindi
Idea Close Laugh,Drama,"June 01, 2021",142,4.7,Japanese
Remain Medical Use,Drama,"November 03, 2020",134,2.0,Hindi
Begin Knowledge Card,Mystery,"April 26, 2021",128,1.4,Japanese
Degree Population Sense,Horror,"May 14, 2020",72,4.5,Italian
Already Entire On,Thriller,"April 08, 2022",128,4.6,Chinese
Trip Daughter Tv,Drama,"February 15, 2021",90,1.7,Hindi
Body Course Anyone,Documentary,"July 14, 2020",113,2.4,English
Father Conference Reason,Romance,"April 07, 2020",64,1.5,Chinese
Travel Impact Edge,Thriller,"May 24, 2022",89,4.9,Japanese
Five Effort West,Drama,"January 14, 2021",146,3.1,Japanese
Road Campaign Image,Documentary,"January 22, 2020",140,2.1,English
Congress Drug Right,Documentary,"March 19, 2021",144,4.7,Chinese
Pressure Field Page,Drama,"September 22, 2021",128,1.4,Chinese
Hit Glass Probably,Horror,"August 20, 2021",99,4.4,Italian
History Event Fire,Thriller,"April 18, 2022",54,4.3,Chinese
Imagine Product Rather,Comedy,"December 15, 2021",69,2.9,Japanese
Form Wish Arm,Drama,"March 11, 2022",84,3.4,English
Now Especially Car,Horror,"November 08, 2021",74,4.0,Italian
Role Bad This,Documentary,"June 27, 2020",120,2.8,Italian
Director Program Step,Drama,"March 28, 2022",77,2.2,Japanese
Produce Record Seven,Mystery,"March 19, 2021",90,1.6,Japanese
Onto Difference Rise,Documentary,"March 25, 2021",97,2.0,Spanish
Pattern Tell Discuss,Drama,"November 12, 2020",111,3.2,Hindi
Like Raise Detail,Action,"January 25, 2021",83,4.6,Spanish
Everybody House Lose,Drama,"November 07, 2020",50,4.9,Italian
Mind Student Level,Action,"January 20, 2020",136,2.5,Chinese
Respond Finally Similar,Action,"June 19, 2021",127,4.5,Japanese
Charge Who Truth,Drama,"April 17, 2020",100,4.0,Spanish
Which Performance Front,Drama,"March 15, 2021",120,1.4,Chinese
Answer Trip Rate,Comedy,"February 04, 2020",91,4.0,Spanish
Ten Happen Worry,Horror,"November 01, 2021",123,2.7,Chinese
Who Manager Action,Mystery,"December 22, 2021",142,2.3,Italian
These Show Quite,Documentary,"August 13, 2021",125,4.5,Spanish
Manager Such Congress,Action,"February 09, 2021",147,3.7,Italian
Thought Skill After,Horror,"April 06, 2022",72,2.1,Italian
Century Call Show,Romance,"October 19, 2021",112,2.5,Japanese
Coach Computer Be,Thriller,"May 25, 2020",75,1.2,Chinese
Upon Hot Evidence,Action,"March 25, 2022",122,1.5,Italian
Never National Good,Thriller,"October 18, 2020",135,2.6,Chinese
Democratic Home Practice,Thriller,"August 18, 2021",57,4.5,English
Produce Foot Pass,Drama,"May 19, 2022",81,2.8,English
Now Table Table,Action,"March 25, 2022",62,2.6,Chinese
Heart Stage Hundred,Action,"June 12, 2021",118,1.6,Hindi
Able Always Set,Comedy,"October 15, 2020",67,3.2,Japanese
Third Skill Admit,Drama,"June 02, 2020",73,2.8,Chinese
Participant Hotel Question,Horror,"January 24, 2020",116,4.8,Spanish
Writer Establish Health,Thriller,"November 29, 2021",53,1.5,Japanese
Box Their Race,Romance,"November 18, 2021",134,3.9,Italian
Head Put Rich,Mystery,"July 07, 2021",147,1.6,Japanese
My Fine Subject,Romance,"December 26, 2021",127,4.8,English
Add Economic Public,Horror,"January 06, 2020",109,2.6,English
South Look My,Horror,"February 02, 2022",111,3.3,Spanish
Half Bill Charge,Action,"March 30, 2021",99,1.3,Hindi
My Control Within,Thriller,"August 14, 2020",67,2.5,Spanish
Near No Side,Action,"June 16, 2022",64,2.5,Chinese
Show Type Task,Mystery,"March 30, 2021",76,4.1,Japanese
Soldier View Five,Drama,"August 14, 2020",101,2.2,Japanese
Enough Blood Enter,Thriller,"June 12, 2021",104,4.6,Italian
Charge Or Production,Documentary,"July 08, 2020",147,4.4,Hindi
Industry Country See,Thriller,"January 17, 2020",128,4.0,Italian
My Never While,Romance,"June 28, 2021",94,4.5,Japanese
Present Beyond Today,Horror,"February 23, 2021",143,3.3,Hindi
Among Country Morning,Documentary,"January 20, 2020",87,3.7,Italian
Right Visit Policy,Comedy,"September 03, 2021",56,2.5,Chinese
Help Artist Official,Horror,"March 30, 2022",92,2.6,Japanese
Whose Rule Meet,Documentary,"April 07, 2022",93,1.6,Japanese
Want Vote Actually,Romance,"November 27, 2020",60,2.7,Spanish
Writer Stage Ten,Romance,"May 22, 2021",50,2.0,Italian
Action Beat Success,Comedy,"July 30, 2021",93,1.5,Hindi
Result Major Six,Comedy,"February 09, 2020",109,2.6,Japanese
Message Hospital Certain,Horror,"April 17, 2021",104,4.2,Italian
Raise Picture Maintain,Drama,"August 09, 2020",129,2.8,Chinese
Surface Without Agree,Mystery,"November 14, 2020",142,4.9,English
Human Put Floor,Horror,"March 21, 2022",96,3.1,English
Each Individual Key,Mystery,"May 29, 2020",104,3.4,Spanish
System Dream Sign,Comedy,"October 01, 2021",119,1.5,Spanish
Still Model Stop,Comedy,"April 22, 2022",107,5.0,Spanish
Trade Though Friend,Drama,"November 29, 2020",75,2.8,Italian
City Phone Former,Mystery,"April 05, 2021",122,1.7,Italian
Follow Support Figure,Comedy,"December 27, 2021",52,4.8,Spanish
Green Assume Within,Mystery,"March 27, 2022",70,3.4,English
Able National Management,Documentary,"October 21, 2021",84,3.7,Japanese
Poor Sit So,Documentary,"April 14, 2022",76,1.4,Italian
Hour Eight Billion,Romance,"December 27, 2021",97,3.6,English
Final Benefit Mention,Mystery,"August 12, 2021",120,3.9,Spanish
Little Southern Second,Mystery,"May 29, 2020",108,3.7,Spanish
Clear Move Any,Thriller,"October 22, 2021",134,3.2,Chinese
A Skill Room,Documentary,"February 09, 2022",55,2.4,Italian
Along Camera Response,Horror,"January 13, 2022",113,4.7,Hindi
Rule Family Record,Documentary,"June 23, 2022",144,2.6,Italian
Appear Control National,Action,"January 16, 2022",58,4.2,Italian
Imagine Always Central,Horror,"July 23, 2020",73,2.0,Chinese
Identify Hard Year,Horror,"May 05, 2022",84,4.0,Japanese
Away Policy Memory,Horror,"January 10, 2021",105,4.2,Japanese
Article Cold Environment,Thriller,"June 09, 2021",118,3.2,Japanese
Along Activity Mean,Comedy,"July 08, 2021",122,2.2,Spanish
Rock By Firm,Action,"December 16, 2021",139,2.4,Hindi
More Involve Color,Drama,"December 20, 2021",116,2.7,English
Decision Picture Help,Documentary,"October 24, 2021",100,2.4,Italian
Sit Great Risk,Romance,"June 21, 2020",68,4.0,Hindi
Material Structure Low,Horror,"March 06, 2022",90,1.7,Italian
Ground Organization Office,Romance,"April 19, 2020",66,3.7,Chinese
Science Site Card,Comedy,"October 06, 2021",127,2.5,English
Though Hair Spend,Romance,"February 24, 2022",145,1.5,Italian
Remain Say Relate,Thriller,"September 22, 2021",145,4.2,Chinese
About Side Where,Romance,"March 28, 2020",138,4.5,Spanish
Growth Season Us,Drama,"April 08, 2022",82,3.0,Hindi
Security Base Ten,Thriller,"January 18, 2022",86,2.2,Japanese
True Race Because,Mystery,"April 29, 2020",139,2.8,Italian
Strong Just Call,Thriller,"October 22, 2021",146,4.3,Spanish
State You Large,Action,"April 28, 2021",67,3.3,Hindi
Heart Far Whom,Horror,"June 12, 2021",72,1.8,English
Green Country Chance,Action,"September 01, 2020",144,3.8,English
Recent Without Smile,Horror,"January 27, 2020",73,1.2,English
Magazine Off Education,Horror,"January 07, 2020",102,2.1,Hindi
Adult Enter Stay,Action,"April 26, 2021",75,2.5,Chinese
Network Play Dinner,Romance,"August 25, 2020",142,4.9,Chinese
Big Type Matter,Documentary,"June 24, 2020",113,4.7,Spanish
Strong Hot Others,Mystery,"February 04, 2020",97,4.5,Italian
Take Wish Boy,Romance,"May 17, 2020",123,3.3,Hindi
Road Stage Summer,Drama,"October 09, 2020",123,2.0,English
Company Opportunity Your,Documentary,"July 07, 2021",61,2.9,Italian
Actually Build Age,Romance,"August 02, 2021",80,3.0,Japanese
Include Real Daughter,Comedy,"August 05, 2021",80,2.3,Spanish
Understand View Mother,Comedy,"August 22, 2021",52,2.8,English
Drive Somebody Maybe,Comedy,"March 31, 2020",59,2.6,Spanish
Possible Life During,Drama,"February 26, 2021",133,2.1,Hindi
Bit Key Sign,Romance,"June 10, 2021",142,1.0,Hindi
Oil Senior Husband,Mystery,"February 18, 2021",134,1.3,English
Inside Painting Attention,Thriller,"March 04, 2022",110,3.1,Spanish
Yes Born Charge,Romance,"October 28, 2021",86,4.2,Hindi
Down Accept Real,Mystery,"November 15, 2021",89,4.6,Spanish
Democrat Me Player,Thriller,"April 26, 2020",55,3.0,Chinese
Paper Necessary Religious,Thriller,"July 02, 2020",133,3.9,Spanish
Size Know Save,Horror,"November 16, 2020",124,4.6,Italian
Whose Reality Follow,Action,"February 06, 2021",110,2.0,Japanese
Table Police Word,Romance,"May 29, 2021",101,3.1,Spanish
Be Area They,Romance,"May 14, 2021",131,3.7,Japanese
Especially Issue Relationship,Action,"May 25, 2021",122,3.5,Spanish
Nation Apply There,Documentary,"September 02, 2021",131,2.8,English
Determine Player Everybody,Action,"March 21, 2020",56,4.3,Italian
Poor Local Left,Drama,"January 24, 2021",145,1.1,Chinese
Beat Herself Sure,Action,"November 02, 2021",61,4.0,Italian
Effect North Sister,Drama,"February 13, 2022",80,2.1,Hindi
Provide Open Trade,Horror,"February 19, 2021",92,4.9,Japanese
Him Against Rise,Action,"September 03, 2020",51,3.4,Chinese
Character Experience Customer,Comedy,"March 31, 2020",104,2.9,Italian
Yet Audience Stock,Action,"October 20, 2021",146,1.1,Italian
Information Argue Onto,Drama,"July 08, 2021",110,4.1,Italian
But Audience Writer,Documentary,"July 02, 2020",50,2.7,Japanese
Our Mrs Worker,Action,"September 21, 2021",53,4.4,Hindi
A Story Suddenly,Thriller,"January 22, 2022",109,1.8,Chinese
Class Number How,Comedy,"January 15, 2022",110,1.5,English
Center Share Sure,Romance,"August 14, 2021",93,4.6,Hindi
Rate Board Seat,Thriller,"July 06, 2021",107,3.2,English
Opportunity He Wife,Comedy,"November 25, 2020",127,2.7,Italian
Street Project Difference,Horror,"March 07, 2021",52,3.3,Spanish
Teach Middle Own,Horror,"March 28, 2021",81,4.2,Hindi
Adult Several Trade,Drama,"October 23, 2020",92,3.7,Italian
Want Focus Energy,Thriller,"December 04, 2020",96,2.4,Hindi
Shoulder Must Hospital,Comedy,"July 06, 2021",60,2.6,Chinese
Garden I Stand,Horror,"November 05, 2021",133,3.4,Chinese
Avoid Up See,Horror,"April 07, 2020",126,2.4,Spanish
South Speak Friend,Documentary,"January 03, 2022",62,3.6,Japanese
Would Nation Mother,Romance,"April 21, 2020",99,3.4,Hindi
Later She Star,Thriller,"April 13, 2021",114,3.3,Italian
Expert Sport Behavior,Romance,"April 23, 2021",145,4.9,Chinese
Trade Seek Since,Comedy,"February 25, 2022",127,3.7,Japanese
Four Effect Television,Action,"May 06, 2021",92,2.1,Chinese
List Person Against,Action,"October 19, 2020",148,3.4,Hindi
Tell After Any,Drama,"September 01, 2020",114,1.2,Hindi
Participant Cultural Where,Drama,"May 25, 2021",80,4.5,Hindi
Sport Place Method,Horror,"January 12, 2022",126,1.2,Chinese
Another Official Level,Horror,"December 05, 2020",111,4.0,English
Piece Minute Recent,Drama,"April 05, 2022",130,4.4,Italian
Environmental Prove Stand,Action,"March 07, 2020",127,1.6,Japanese
Child Card Instead,Action,"May 24, 2020",139,2.8,Italian
Before Go Hospital,Mystery,"April 29, 2021",86,1.1,Italian
How Speak Claim,Romance,"December 10, 2020",97,2.8,Chinese
Foreign Treat Relationship,Drama,"April 18, 2022",88,4.1,Italian
Thank Suddenly Although,Mystery,"January 25, 2020",80,2.7,Spanish
Purpose Nation Movement,Drama,"December 03, 2021",72,3.6,Japanese
Door Exactly Woman,Thriller,"September 14, 2020",112,3.0,Chinese
Relationship Population Language,Mystery,"June 16, 2022",140,2.8,English
Decide See Admit,Horror,"March 06, 2021",73,4.0,Spanish
Yard Sense Person,Mystery,"October 09, 2020",120,4.4,Chinese
Couple Center Notice,Drama,"April 03, 2020",59,3.7,Italian
Water Likely Themselves,Action,"September 09, 2021",79,1.1,Chinese
Expert Stage Cold,Comedy,"January 21, 2022",68,3.9,Hindi
What Hit Two,Drama,"October 16, 2021",105,3.7,Italian
People Show Reduce,Thriller,"May 26, 2020",55,1.1,Spanish
Wait Option Rather,Horror,"March 07, 2020",128,4.0,Chinese
Again Drop Look,Horror,"January 07, 2020",146,3.9,Spanish
Staff Onto Ready,Thriller,"May 14, 2021",135,2.2,Chinese
Involve Boy Republican,Romance,"March 07, 2020",104,1.2,Chinese
If Create Somebody,Horror,"December 13, 2021",126,3.0,Japanese
Drug Information Face,Action,"December 26, 2021",88,2.4,Spanish
Great Physical Son,Horror,"November 08, 2020",50,2.5,Chinese
Ahead Everything Rise,Action,"June 22, 2020",119,3.2,Hindi
Light Usually Method,Comedy,"May 24, 2022",55,2.1,Spanish
Key Beat Page,Drama,"February 11, 2020",93,2.5,Italian
Can Reflect Discussion,Romance,"February 10, 2021",118,2.6,Spanish
Easy Name Prove,Thriller,"August 19, 2021",102,2.1,English
Sense Sister Enter,Comedy,"September 28, 2021",55,3.2,Spanish
All Under Myself,Horror,"August 17, 2021",54,1.4,Japanese
Environmental Operation Few,Thriller,"September 02, 2021",58,2.8,Italian
Serious Lot Education,Mystery,"May 08, 2022",72,4.1,Japanese
Long Prove Night,Drama,"October 10, 2020",101,1.3,Italian
Art International North,Comedy,"February 21, 2020",139,2.5,English
Picture Herself Level,Mystery,"April 14, 2022",72,4.0,Japanese
Little Tonight Win,Romance,"April 11, 2022",58,3.9,Chinese
Health Age Election,Documentary,"April 10, 2020",99,3.9,English
Surface Question Technology,Action,"September 18, 2020",98,1.5,Italian
Democratic Play Behind,Romance,"March 23, 2020",80,1.4,English
Federal Various Focus,Drama,"February 17, 2022",129,3.5,English
Number Wrong Family,Action,"August 11, 2020",132,1.3,Italian
Factor Art Garden,Horror,"February 16, 2020",119,4.9,English
Research Ground Friend,Horror,"January 21, 2021",98,4.1,Japanese
Sense Whole Ball,Horror,"May 25, 2022",73,3.3,Chinese
Happy Year Suddenly,Comedy,"November 01, 2020",106,4.8,Japanese
Lay Exactly Enter,Drama,"September 13, 2021",98,2.4,Italian
Bill Use See,Documentary,"January 04, 2022",66,4.1,Hindi
Want Month Join,Thriller,"December 11, 2021",117,3.5,Italian
Return Sea Image,Documentary,"September 29, 2020",52,1.8,Chinese
Professional Officer Executive,Action,"April 09, 2020",138,2.1,Spanish
Also Lead Cut,Documentary,"March 25, 2020",100,2.5,English
Customer Minute It,Thriller,"April 25, 2020",109,1.1,Chinese
Piece Defense Leader,Drama,"March 19, 2021",135,1.1,English
Born Value Near,Action,"November 29, 2020",63,4.8,Japanese
Decide Road Product,Thriller,"April 22, 2020",78,4.1,English
Tough Apply Medical,Comedy,"December 03, 2020",123,2.8,Hindi
Professor Outside Fight,Action,"May 30, 2022",144,4.2,Italian
Serious One Food,Comedy,"April 03, 2021",100,1.0,Chinese
Fact Old Child,Romance,"November 05, 2021",139,2.9,Italian
Shoulder Understand Miss,Horror,"February 17, 2021",70,4.3,Spanish
Close Skill Individual,Drama,"April 26, 2020",91,2.7,Chinese
Their Interest Agreement,Mystery,"August 18, 2021",82,2.5,Hindi
Test Well Performance,Horror,"October 06, 2020",139,1.7,Italian
Partner And Rock,Drama,"June 21, 2022",66,3.1,Hindi
Product Mrs Bag,Documentary,"February 22, 2020",128,1.5,Spanish
Force Message Serve,Comedy,"July 16, 2020",112,3.1,Hindi
Reality Sign Response,Thriller,"November 08, 2020",75,3.4,English
This Term Business,Romance,"August 21, 2020",142,4.6,Italian
Together Out Deep,Comedy,"June 25, 2020",139,2.7,English
East Want Talk,Action,"February 07, 2020",136,1.1,Hindi
Report Direction Evening,Action,"January 05, 2022",51,1.5,Italian
However List Interview,Drama,"February 06, 2022",128,4.3,Italian
Executive Quality Hand,Drama,"September 25, 2020",91,3.4,Italian
Keep Race Wear,Thriller,"August 14, 2021",70,2.7,Spanish
Apply Participant Law,Romance,"February 17, 2022",81,1.9,Japanese
Direction Student Bit,Drama,"January 22, 2022",53,3.4,Japanese
Young Idea Near,Mystery,"April 05, 2021",108,4.1,Chinese
Hard Test Management,Mystery,"May 05, 2020",117,2.9,Chinese
Clear Field Individual,Horror,"November 10, 2021",114,2.7,Spanish
Crime Vote Sport,Romance,"February 01, 2020",96,3.6,Spanish
Again Bit Term,Mystery,"February 29, 2020",75,4.2,Chinese
Detail Yeah Reality,Horror,"May 05, 2021",70,4.9,Chinese
Easy Wear Gas,Drama,"September 21, 2020",95,1.2,Japanese
Traditional Letter Them,Romance,"September 17, 2021",126,2.1,Hindi
Party But Last,Comedy,"April 04, 2022",55,3.6,Japanese
Enough Situation Plan,Horror,"January 28, 2021",52,2.4,Italian
Language Rather Foreign,Romance,"August 06, 2020",94,3.6,Japanese
Whose Know Move,Thriller,"December 03, 2021",61,3.5,Hindi
Series Alone Mind,Thriller,"October 05, 2020",95,3.2,Spanish
Evidence Every Factor,Comedy,"August 02, 2020",86,2.0,Hindi
Catch Real Everyone,Comedy,"February 22, 2021",87,2.1,Japanese
General May First,Mystery,"November 10, 2020",72,2.3,Chinese
Suddenly Anyone Season,Drama,"April 03, 2022",75,3.0,Chinese
Including Source Believe,Romance,"October 03, 2020",142,2.1,Hindi
Practice Late Expect,Mystery,"October 22, 2021",141,3.6,Hindi
Record Conference Industry,Action,"September 03, 2021",79,3.5,Japanese
Interview Reflect Perhaps,Drama,"March 05, 2022",134,4.3,Hindi
Test Field Both,Horror,"June 17, 2021",58,2.6,Spanish
For Suffer Image,Mystery,"June 30, 2020",101,4.0,Japanese
Office Art Test,Documentary,"December 01, 2021",60,1.3,Hindi
Major Movement Game,Romance,"March 17, 2021",56,3.9,Chinese
Agent Value Camera,Thriller,"April 14, 2021",60,2.0,Italian
World Move Republican,Comedy,"March 25, 2022",78,3.8,English
Trip Somebody Responsibility,Comedy,"November 17, 2020",89,4.2,Hindi
Official Customer Drive,Thriller,"December 13, 2020",102,3.3,Hindi
Interview Whose Human,Horror,"January 10, 2021",66,4.2,Spanish
Short Significant Sense,Mystery,"March 14, 2022",74,1.0,Spanish
Out Evening Computer,Documentary,"November 24, 2020",127,4.9,Chinese
Hour Bag Music,Romance,"December 14, 2020",54,2.7,Japanese
Ask Most Own,Horror,"February 07, 2021",134,4.3,Italian
Feel Within Value,Thriller,"December 04, 2020",109,1.2,Hindi
Stand Sit Television,Drama,"March 10, 2020",102,4.5,Chinese
Finish Always Effect,Mystery,"December 18, 2021",139,3.9,Japanese
However Body Standard,Comedy,"April 07, 2022",93,2.2,Japanese
Every Ability Through,Documentary,"March 14, 2020",58,4.6,Hindi
Media Language Campaign,Horror,"February 11, 2020",56,2.8,Hindi
White Drop Focus,Romance,"April 08, 2022",73,1.8,English
Just Accept Government,Romance,"November 05, 2021",125,4.5,Chinese
Simply Soon Law,Action,"May 11, 2021",87,3.4,Spanish
Reach Participant Avoid,Documentary,"November 18, 2020",82,4.4,Japanese
Threat Cost Provide,Romance,"June 15, 2020",105,4.9,Japanese
Surface Region Second,Comedy,"May 11, 2022",51,2.3,Spanish
Somebody Deep Wonder,Comedy,"February 06, 2022",63,4.3,Spanish
Apply Necessary Apply,Thriller,"July 23, 2020",64,4.9,Japanese
Conference Region Safe,Comedy,"April 01, 2020",135,4.4,Japanese
Would Agent Position,Horror,"February 14, 2021",102,4.2,Spanish
Religious Option Nature,Action,"January 15, 2022",52,1.4,Chinese
Skill Whom Once,Comedy,"January 18, 2020",79,3.6,Chinese
Idea Drop Enough,Drama,"May 16, 2020",117,3.5,English
Pull Wife Special,Action,"June 01, 2020",80,2.7,English
Explain Half Its,Horror,"August 09, 2020",105,4.9,English
Glass Every Beat,Mystery,"September 02, 2020",52,2.0,Hindi
Piece Scene Human,Horror,"May 10, 2020",77,2.9,Hindi
Respond Quite There,Horror,"January 23, 2021",85,3.2,Hindi
Fast History Across,Mystery,"February 13, 2020",148,4.2,English
Notice And Place,Documentary,"March 01, 2022",91,1.4,Hindi
Sit About Our,Thriller,"February 21, 2021",134,4.4,Hindi
Heavy Process Enough,Romance,"February 25, 2022",130,1.4,English
Along Third Difficult,Comedy,"May 15, 2020",134,4.5,English
Generation Front Mention,Action,"June 01, 2021",81,1.8,Chinese
Stuff Support Exactly,Drama,"June 11, 2020",101,1.8,English
Like Scene Although,Action,"February 13, 2022",73,2.6,Chinese
Among Really Happy,Documentary,"June 28, 2020",126,3.3,Japanese
Paper Road Senior,Documentary,"April 19, 2022",69,2.1,Chinese
Safe Media Too,Drama,"July 24, 2021",116,4.9,Chinese
Join Join Fight,Mystery,"May 10, 2021",80,4.0,Hindi
Do Charge Character,Documentary,"December 16, 2020",62,3.1,Spanish
Either Read Guess,Comedy,"August 27, 2021",65,4.1,English
However Various Catch,Mystery,"August 10, 2020",71,1.7,Hindi
Our Bag Mouth,Romance,"January 19, 2022",117,3.3,Japanese
For Safe Service,Comedy,"May 21, 2022",72,4.1,Chinese
Owner Impact Ten,Documentary,"August 09, 2020",144,1.7,English
Trip Edge Order,Thriller,"January 21, 2020",93,2.2,English
Bank Conference Form,Comedy,"May 31, 2021",65,2.4,Chinese
Arrive Score Fact,Action,"September 29, 2021",140,2.2,Spanish
Employee Manager Compare,Documentary,"October 14, 2020",113,4.3,Hindi
Expect There Clearly,Action,"November 05, 2021",90,1.3,Spanish
Stock Wall Author,Action,"March 23, 2022",50,1.5,Hindi
Very Road Place,Comedy,"January 28, 2021",64,2.9,Chinese
Challenge Push Worry,Action,"December 22, 2021",93,4.6,Japanese
Crime It Sometimes,Thriller,"May 24, 2020",133,4.2,Spanish
Late Tell Again,Thriller,"February 20, 2022",129,2.5,English
Next Get Cut,Action,"January 10, 2021",87,5.0,Hindi
Pattern Provide Go,Comedy,"August 17, 2021",104,2.3,Hindi
Successful Current Ask,Documentary,"July 27, 2020",117,2.5,Japanese
Plan According Place,Action,"June 03, 2020",91,2.1,English
Because Meet The,Mystery,"March 28, 2020",139,3.9,Chinese
Eat Room Game,Horror,"May 11, 2022",135,1.8,Japanese
Already Major Thus,Action,"March 28, 2021",140,3.8,Japanese
Parent Grow Address,Romance,"September 01, 2021",98,1.7,Italian
Investment Treatment Wide,Horror,"June 28, 2021",136,1.2,English
Election Happen Walk,Thriller,"January 28, 2022",56,2.2,English
Tough Explain Rather,Drama,"August 30, 2021",70,3.8,English
Pressure Last Way,Thriller,"May 23, 2021",59,2.0,Hindi
Approach Operation State,Documentary,"March 01, 2021",126,1.7,Chinese
Close Between Church,Thriller,"January 11, 2021",58,4.3,Japanese
Beat Step Early,Comedy,"January 12, 2021",76,1.3,Hindi
Green War Baby,Documentary,"March 14, 2022",63,3.5,English
Ready Option Good,Comedy,"January 04, 2022",140,2.9,Hindi
Current Nothing True,Drama,"November 07, 2021",78,4.9,English
Enter As Enjoy,Horror,"October 05, 2020",61,2.4,Japanese
About Speak Air,Documentary,"March 06, 2022",89,1.4,Chinese
Part Explain Bad,Romance,"February 13, 2021",116,1.8,Spanish
Child Meet Dog,Comedy,"April 26, 2021",69,5.0,Hindi
However Blood Term,Drama,"August 25, 2021",117,4.8,Chinese
Provide Open News,Comedy,"April 03, 2022",67,2.1,Japanese
Just Address Husband,Comedy,"March 10, 2020",55,3.3,Spanish
Summer Talk Wonder,Thriller,"July 07, 2020",112,3.6,Spanish
Travel Send Now,Romance,"March 14, 2022",71,4.8,Italian
School Important Artist,Documentary,"March 14, 2021",63,3.8,Spanish
Court Sense Particularly,Mystery,"March 13, 2022",139,1.9,Chinese
Pull Something Pm,Action,"June 18, 2020",73,4.6,Chinese
Significant Base Black,Comedy,"March 19, 2021",119,1.6,Spanish
Cell Room Go,Comedy,"June 28, 2021",89,3.7,Italian
Pull Next Travel,Drama,"July 29, 2021",107,2.0,Japanese
Outside Public Sit,Thriller,"January 22, 2022",104,1.5,Hindi
Radio Page Ask,Drama,"February 21, 2020",65,1.0,Spanish
Picture Prepare Finish,Drama,"June 07, 2022",95,3.8,English
Can Their Then,Thriller,"March 11, 2020",68,1.9,Spanish
With Executive Crime,Mystery,"January 06, 2021",76,4.8,Hindi
Glass Development Ok,Horror,"January 24, 2022",51,3.2,English
All Security Within,Documentary,"August 11, 2021",71,3.9,Hindi
Traditional Usually In,Documentary,"May 25, 2020",78,2.1,Italian
Evidence Whole Star,Action,"March 23, 2021",91,3.7,Hindi
Authority Nature Give,Action,"November 13, 2021",125,3.0,Chinese
Continue Career Claim,Thriller,"October 03, 2021",73,4.7,Hindi
Above Light Sell,Drama,"July 30, 2020",128,3.9,Italian
Civil Voice Congress,Thriller,"April 14, 2020",100,1.6,English
Nice Certainly Yeah,Romance,"January 06, 2021",96,2.7,Spanish
While Popular Firm,Thriller,"October 01, 2021",91,2.5,Hindi
Easy Tree Letter,Horror,"June 24, 2021",79,2.9,Chinese
Employee Happen Customer,Mystery,"December 29, 2020",65,2.5,English
By Least Coach,Drama,"May 04, 2021",128,1.5,Hindi
Book Rise Answer,Thriller,"January 11, 2020",115,3.2,English
Across Manage Compare,Drama,"July 14, 2021",61,1.7,Hindi
Will Trip Where,Documentary,"February 22, 2021",68,1.9,Hindi
Among Kitchen Possible,Comedy,"September 19, 2020",93,4.4,Hindi
Quickly Interesting Job,Drama,"April 11, 2022",130,1.7,English
Start These As,Drama,"January 11, 2020",116,2.5,Spanish
Miss Community According,Action,"February 20, 2022",91,4.2,English
Majority Tax Young,Action,"March 01, 2021",116,1.2,English
Who Avoid Contain,Mystery,"March 07, 2022",149,3.3,Spanish
Music View Month,Comedy,"April 18, 2020",104,2.4,English
Environment Real Experience,Mystery,"April 18, 2020",50,1.6,Chinese
Activity Capital Visit,Mystery,"January 15, 2020",96,4.6,Hindi
Social Else Father,Drama,"October 24, 2020",73,1.6,Japanese
Film Apply Board,Thriller,"January 13, 2021",82,1.7,English
Beyond Eye Science,Horror,"July 14, 2021",80,1.1,English
Almost Order Leader,Romance,"June 26, 2021",90,4.7,Spanish
Cut Spend Know,Action,"April 29, 2022",134,2.5,Spanish
Song Exactly Your,Romance,"December 28, 2020",100,4.6,Japanese
Theory Window Management,Comedy,"June 21, 2021",147,1.2,Japanese
Six Strong Positive,Thriller,"May 11, 2020",144,3.6,Italian
New Center Listen,Thriller,"March 05, 2020",148,2.4,Hindi
Reduce Part Rock,Action,"January 08, 2020",141,3.7,Hindi
Conference Six Until,Documentary,"May 09, 2020",99,4.5,English
Town Per Main,Romance,"March 27, 2020",70,3.4,Hindi
Gun Herself Upon,Documentary,"January 07, 2021",110,3.7,Chinese
Produce Student President,Drama,"February 26, 2021",146,4.5,Japanese
Message Tough Car,Mystery,"January 28, 2020",116,4.6,Chinese
Great Speak So,Horror,"October 24, 2021",94,3.7,Italian
Movement Surface Season,Horror,"March 27, 2022",87,4.5,Spanish
Owner Sell Trip,Horror,"July 23, 2020",77,3.9,Italian
Goal Always Seem,Romance,"May 10, 2021",55,3.7,Hindi
Help Show Military,Documentary,"July 19, 2020",136,3.6,Italian
Start Become Rate,Action,"July 10, 2021",141,1.8,Hindi
Task Notice Today,Horror,"November 20, 2020",90,3.1,Spanish
Myself Bank Matter,Thriller,"August 20, 2020",131,4.8,English
Sure Kid Coach,Horror,"January 22, 2020",126,2.4,English
Born Suffer Former,Horror,"July 21, 2020",100,4.1,Italian
Newspaper Whatever And,Thriller,"July 21, 2020",90,1.2,English
See High Structure,Documentary,"February 11, 2021",69,1.9,Chinese
Source No Key,Mystery,"February 11, 2020",86,4.8,Spanish
